0,10,1.62,0,RopeCursor,60,12
0,50,1.1,0,RopeCursor,60,12
0,49,1.12,0,RopeCursor,60,12
0,5,0.88,0,RopeCursor,60,12
0,3,0.83,0,RopeCursor,60,12
0,11,0.89,0,RopeCursor,60,12
0,24,0.85,0,RopeCursor,60,12
0,54,0.87,0,RopeCursor,60,12
0,26,0.87,0,RopeCursor,60,12
0,53,1.02,0,RopeCursor,60,12
0,11,2.47,0,NormalCursor,90,6
0,62,1.23,0,NormalCursor,90,6
0,31,1.21,0,NormalCursor,90,6
0,75,2.45,0,NormalCursor,90,6
0,55,1.16,0,NormalCursor,90,6
0,27,1.15,0,NormalCursor,90,6
0,83,2.88,0,NormalCursor,90,6
0,8,1.74,0,NormalCursor,90,6
0,10,1.34,0,NormalCursor,90,6
0,12,1.75,0,NormalCursor,90,6
0,7,1.6,0,RopeCursor,30,6
0,18,1.6,0,RopeCursor,30,6
0,1,1.16,0,RopeCursor,30,6
0,17,0.87,0,RopeCursor,30,6
0,20,1.4,0,RopeCursor,30,6
0,13,1.53,0,RopeCursor,30,6
0,24,0.84,0,RopeCursor,30,6
0,3,1.05,0,RopeCursor,30,6
0,6,0.84,0,RopeCursor,30,6
0,23,1.7,0,RopeCursor,30,6
0,23,0.77,0,BubbleCursor,30,18
0,10,0.87,0,BubbleCursor,30,18
0,21,0.89,0,BubbleCursor,30,18
0,15,0.74,0,BubbleCursor,30,18
0,3,1.04,0,BubbleCursor,30,18
0,2,0.92,0,BubbleCursor,30,18
0,6,0.74,0,BubbleCursor,30,18
0,12,0.9,0,BubbleCursor,30,18
0,5,1.31,0,BubbleCursor,30,18
0,9,0.79,0,BubbleCursor,30,18
0,23,0.68,0,RopeCursor,30,12
0,0,0.89,0,RopeCursor,30,12
0,28,0.9,0,RopeCursor,30,12
0,16,0.9,0,RopeCursor,30,12
0,3,1.37,0,RopeCursor,30,12
0,14,0.86,0,RopeCursor,30,12
0,4,0.77,0,RopeCursor,30,12
0,21,0.94,0,RopeCursor,30,12
0,24,0.93,0,RopeCursor,30,12
0,17,0.83,0,RopeCursor,30,12
0,24,1.06,0,RopeCursor,60,6
0,33,1.05,0,RopeCursor,60,6
0,28,0.83,0,RopeCursor,60,6
0,4,2.56,1,RopeCursor,60,6
0,20,2.79,0,RopeCursor,60,6
0,17,1.81,0,RopeCursor,60,6
0,15,0.89,0,RopeCursor,60,6
0,26,1.26,0,RopeCursor,60,6
0,49,1.58,0,RopeCursor,60,6
0,53,1.75,0,RopeCursor,60,6
0,58,0.75,0,RopeCursor,90,18
0,35,0.83,0,RopeCursor,90,18
0,43,0.75,0,RopeCursor,90,18
0,61,0.72,0,RopeCursor,90,18
0,62,0.85,0,RopeCursor,90,18
0,10,1.15,0,RopeCursor,90,18
0,67,0.95,0,RopeCursor,90,18
0,38,0.7,0,RopeCursor,90,18
0,42,0.81,0,RopeCursor,90,18
0,85,1.1,0,RopeCursor,90,18
0,24,0.98,0,BubbleCursor,60,6
0,33,0.79,0,BubbleCursor,60,6
0,28,0.78,0,BubbleCursor,60,6
0,4,2.04,0,BubbleCursor,60,6
0,20,0.91,0,BubbleCursor,60,6
0,17,1.06,0,BubbleCursor,60,6
0,15,1.24,0,BubbleCursor,60,6
0,26,2.01,0,BubbleCursor,60,6
0,49,3.19,1,BubbleCursor,60,6
0,53,3.17,1,BubbleCursor,60,6
0,23,1.17,0,NormalCursor,30,18
0,10,1.05,0,NormalCursor,30,18
0,21,0.91,0,NormalCursor,30,18
0,15,0.82,0,NormalCursor,30,18
0,3,2.53,1,NormalCursor,30,18
0,2,0.93,0,NormalCursor,30,18
0,6,0.95,0,NormalCursor,30,18
0,12,1.06,0,NormalCursor,30,18
0,5,1.8,0,NormalCursor,30,18
0,9,1.65,0,NormalCursor,30,18
0,11,2.14,0,RopeCursor,90,6
0,62,2.05,0,RopeCursor,90,6
0,31,0.93,0,RopeCursor,90,6
0,75,1.32,0,RopeCursor,90,6
0,55,1.24,0,RopeCursor,90,6
0,27,1.07,0,RopeCursor,90,6
0,83,2.11,0,RopeCursor,90,6
0,8,1.16,0,RopeCursor,90,6
0,10,1.15,0,RopeCursor,90,6
0,12,1.42,0,RopeCursor,90,6
0,50,1.01,0,BubbleCursor,90,12
0,56,0.79,0,BubbleCursor,90,12
0,26,0.83,0,BubbleCursor,90,12
0,58,0.83,0,BubbleCursor,90,12
0,63,1.29,0,BubbleCursor,90,12
0,71,0.95,0,BubbleCursor,90,12
0,31,1.22,0,BubbleCursor,90,12
0,83,1.17,0,BubbleCursor,90,12
0,6,0.74,0,BubbleCursor,90,12
0,25,1.33,0,BubbleCursor,90,12
0,24,1.43,0,NormalCursor,60,6
0,33,1.3,0,NormalCursor,60,6
0,28,1.14,0,NormalCursor,60,6
0,4,1.36,0,NormalCursor,60,6
0,20,1.36,0,NormalCursor,60,6
0,17,2.18,0,NormalCursor,60,6
0,15,1.56,0,NormalCursor,60,6
0,26,4.37,1,NormalCursor,60,6
0,49,1.73,0,NormalCursor,60,6
0,53,1.54,0,NormalCursor,60,6
0,23,0.97,0,BubbleCursor,30,12
0,0,1.21,0,BubbleCursor,30,12
0,28,1.13,0,BubbleCursor,30,12
0,16,0.88,0,BubbleCursor,30,12
0,3,1.4,0,BubbleCursor,30,12
0,14,0.9,0,BubbleCursor,30,12
0,4,0.93,0,BubbleCursor,30,12
0,21,0.72,0,BubbleCursor,30,12
0,24,0.74,0,BubbleCursor,30,12
0,17,0.79,0,BubbleCursor,30,12
0,11,1.02,0,BubbleCursor,90,6
0,62,1.68,0,BubbleCursor,90,6
0,31,1.01,0,BubbleCursor,90,6
0,75,1.35,0,BubbleCursor,90,6
0,55,1.33,0,BubbleCursor,90,6
0,27,0.86,0,BubbleCursor,90,6
0,83,1.53,0,BubbleCursor,90,6
0,8,0.97,0,BubbleCursor,90,6
0,10,1.2,0,BubbleCursor,90,6
0,12,1.26,0,BubbleCursor,90,6
0,23,0.92,0,NormalCursor,30,12
0,0,1.35,0,NormalCursor,30,12
0,28,1.31,0,NormalCursor,30,12
0,16,1.31,0,NormalCursor,30,12
0,3,1.44,0,NormalCursor,30,12
0,14,0.8,0,NormalCursor,30,12
0,4,0.96,0,NormalCursor,30,12
0,21,1.19,0,NormalCursor,30,12
0,24,1.07,0,NormalCursor,30,12
0,17,0.96,0,NormalCursor,30,12
0,58,1.11,0,NormalCursor,90,18
0,35,0.72,0,NormalCursor,90,18
0,43,0.92,0,NormalCursor,90,18
0,61,0.82,0,NormalCursor,90,18
0,62,1.13,0,NormalCursor,90,18
0,10,1.27,0,NormalCursor,90,18
0,67,1.06,0,NormalCursor,90,18
0,38,1.06,0,NormalCursor,90,18
0,42,1.13,0,NormalCursor,90,18
0,85,1.2,0,NormalCursor,90,18
0,11,0.96,0,BubbleCursor,60,18
0,17,1.36,0,BubbleCursor,60,18
0,53,0.92,0,BubbleCursor,60,18
0,32,0.92,0,BubbleCursor,60,18
0,49,0.96,0,BubbleCursor,60,18
0,41,0.88,0,BubbleCursor,60,18
0,16,0.89,0,BubbleCursor,60,18
0,28,0.84,0,BubbleCursor,60,18
0,43,0.76,0,BubbleCursor,60,18
0,59,0.9,0,BubbleCursor,60,18
0,7,1.76,0,NormalCursor,30,6
0,18,1.23,0,NormalCursor,30,6
0,1,1.27,0,NormalCursor,30,6
0,17,1.55,0,NormalCursor,30,6
0,20,3.43,1,NormalCursor,30,6
0,13,1.56,0,NormalCursor,30,6
0,24,1.19,0,NormalCursor,30,6
0,3,2.62,0,NormalCursor,30,6
0,6,1.13,0,NormalCursor,30,6
0,23,1.79,0,NormalCursor,30,6
0,7,0.9,0,BubbleCursor,30,6
0,18,1.57,0,BubbleCursor,30,6
0,1,1.28,0,BubbleCursor,30,6
0,17,0.94,0,BubbleCursor,30,6
0,20,2.06,0,BubbleCursor,30,6
0,13,0.88,0,BubbleCursor,30,6
0,24,0.96,0,BubbleCursor,30,6
0,3,1.84,0,BubbleCursor,30,6
0,6,1.38,0,BubbleCursor,30,6
0,23,0.97,0,BubbleCursor,30,6
0,10,1.25,0,NormalCursor,60,12
0,50,2.71,0,NormalCursor,60,12
0,49,1.34,0,NormalCursor,60,12
0,5,1.38,0,NormalCursor,60,12
0,3,0.75,0,NormalCursor,60,12
0,11,1.18,0,NormalCursor,60,12
0,24,0.83,0,NormalCursor,60,12
0,54,1.19,0,NormalCursor,60,12
0,26,1.33,0,NormalCursor,60,12
0,53,1.49,0,NormalCursor,60,12
0,23,0.69,0,RopeCursor,30,18
0,10,0.9,0,RopeCursor,30,18
0,21,0.85,0,RopeCursor,30,18
0,15,0.94,0,RopeCursor,30,18
0,3,0.81,0,RopeCursor,30,18
0,2,0.79,0,RopeCursor,30,18
0,6,0.68,0,RopeCursor,30,18
0,12,0.9,0,RopeCursor,30,18
0,5,1.71,0,RopeCursor,30,18
0,9,0.91,0,RopeCursor,30,18
0,50,1.03,0,RopeCursor,90,12
0,56,0.95,0,RopeCursor,90,12
0,26,0.81,0,RopeCursor,90,12
0,58,0.98,0,RopeCursor,90,12
0,63,0.68,0,RopeCursor,90,12
0,71,1.87,1,RopeCursor,90,12
0,31,1.07,0,RopeCursor,90,12
0,83,1.18,0,RopeCursor,90,12
0,6,0.86,0,RopeCursor,90,12
0,25,1.57,0,RopeCursor,90,12
0,58,0.88,0,BubbleCursor,90,18
0,35,0.81,0,BubbleCursor,90,18
0,43,0.74,0,BubbleCursor,90,18
0,61,0.71,0,BubbleCursor,90,18
0,62,1.02,0,BubbleCursor,90,18
0,10,1.01,0,BubbleCursor,90,18
0,67,0.99,0,BubbleCursor,90,18
0,38,0.74,0,BubbleCursor,90,18
0,42,0.8,0,BubbleCursor,90,18
0,85,0.94,0,BubbleCursor,90,18
0,11,1.07,0,NormalCursor,60,18
0,17,1.11,0,NormalCursor,60,18
0,53,0.96,0,NormalCursor,60,18
0,32,1.04,0,NormalCursor,60,18
0,49,1.05,0,NormalCursor,60,18
0,41,0.74,0,NormalCursor,60,18
0,16,0.78,0,NormalCursor,60,18
0,28,0.99,0,NormalCursor,60,18
0,43,2.76,1,NormalCursor,60,18
0,59,1.25,0,NormalCursor,60,18
0,11,0.71,0,RopeCursor,60,18
0,17,1.14,0,RopeCursor,60,18
0,53,1.98,1,RopeCursor,60,18
0,32,0.94,0,RopeCursor,60,18
0,49,1.04,0,RopeCursor,60,18
0,41,0.73,0,RopeCursor,60,18
0,16,0.98,0,RopeCursor,60,18
0,28,1.1,0,RopeCursor,60,18
0,43,0.95,0,RopeCursor,60,18
0,59,0.77,0,RopeCursor,60,18
0,50,1.07,0,NormalCursor,90,12
0,56,1.29,0,NormalCursor,90,12
0,26,1.44,0,NormalCursor,90,12
0,58,0.88,0,NormalCursor,90,12
0,63,1.17,0,NormalCursor,90,12
0,71,1.05,0,NormalCursor,90,12
0,31,1.47,0,NormalCursor,90,12
0,83,2.98,1,NormalCursor,90,12
0,6,1.23,0,NormalCursor,90,12
0,25,1.34,0,NormalCursor,90,12
0,10,0.78,0,BubbleCursor,60,12
0,50,1.48,0,BubbleCursor,60,12
0,49,1.9,0,BubbleCursor,60,12
0,5,0.98,0,BubbleCursor,60,12
0,3,1.06,0,BubbleCursor,60,12
0,11,1.27,0,BubbleCursor,60,12
0,24,0.83,0,BubbleCursor,60,12
0,54,1.01,0,BubbleCursor,60,12
0,26,0.86,0,BubbleCursor,60,12
0,53,1.21,0,BubbleCursor,60,12
1,10,1.1,0,BubbleCursor,60,12
1,50,1.05,0,BubbleCursor,60,12
1,49,1.44,0,BubbleCursor,60,12
1,5,0.87,0,BubbleCursor,60,12
1,3,0.82,0,BubbleCursor,60,12
1,11,0.91,0,BubbleCursor,60,12
1,24,1.0,0,BubbleCursor,60,12
1,54,0.89,0,BubbleCursor,60,12
1,26,0.75,0,BubbleCursor,60,12
1,53,1.1,0,BubbleCursor,60,12
1,58,0.83,0,NormalCursor,90,18
1,35,0.69,0,NormalCursor,90,18
1,43,1.02,0,NormalCursor,90,18
1,61,1.11,0,NormalCursor,90,18
1,62,0.93,0,NormalCursor,90,18
1,10,1.18,0,NormalCursor,90,18
1,67,1.07,0,NormalCursor,90,18
1,38,1.12,0,NormalCursor,90,18
1,42,1.13,0,NormalCursor,90,18
1,85,1.19,0,NormalCursor,90,18
1,7,1.54,0,NormalCursor,30,6
1,18,1.82,0,NormalCursor,30,6
1,1,1.86,0,NormalCursor,30,6
1,17,2.05,0,NormalCursor,30,6
1,20,1.88,0,NormalCursor,30,6
1,13,1.51,0,NormalCursor,30,6
1,24,1.56,0,NormalCursor,30,6
1,3,2.02,0,NormalCursor,30,6
1,6,1.29,0,NormalCursor,30,6
1,23,1.45,0,NormalCursor,30,6
1,11,1.73,0,RopeCursor,90,6
1,62,1.35,0,RopeCursor,90,6
1,31,1.1,0,RopeCursor,90,6
1,75,1.42,0,RopeCursor,90,6
1,55,1.12,0,RopeCursor,90,6
1,27,2.08,0,RopeCursor,90,6
1,83,1.63,0,RopeCursor,90,6
1,8,1.02,0,RopeCursor,90,6
1,10,1.21,0,RopeCursor,90,6
1,12,1.55,0,RopeCursor,90,6
1,23,0.91,0,BubbleCursor,30,18
1,10,1.0,0,BubbleCursor,30,18
1,21,0.92,0,BubbleCursor,30,18
1,15,0.81,0,BubbleCursor,30,18
1,3,0.96,0,BubbleCursor,30,18
1,2,0.7,0,BubbleCursor,30,18
1,6,0.8,0,BubbleCursor,30,18
1,12,0.91,0,BubbleCursor,30,18
1,5,1.59,0,BubbleCursor,30,18
1,9,0.88,0,BubbleCursor,30,18
1,24,0.89,0,RopeCursor,60,6
1,33,0.93,0,RopeCursor,60,6
1,28,0.96,0,RopeCursor,60,6
1,4,2.08,0,RopeCursor,60,6
1,20,1.33,0,RopeCursor,60,6
1,17,2.64,0,RopeCursor,60,6
1,15,1.58,0,RopeCursor,60,6
1,26,2.04,0,RopeCursor,60,6
1,49,1.15,0,RopeCursor,60,6
1,53,1.23,0,RopeCursor,60,6
1,23,0.91,0,NormalCursor,30,18
1,10,1.08,0,NormalCursor,30,18
1,21,1.12,0,NormalCursor,30,18
1,15,1.16,0,NormalCursor,30,18
1,3,1.22,0,NormalCursor,30,18
1,2,0.85,0,NormalCursor,30,18
1,6,0.97,0,NormalCursor,30,18
1,12,1.22,0,NormalCursor,30,18
1,5,1.49,0,NormalCursor,30,18
1,9,1.04,0,NormalCursor,30,18
1,50,1.2,0,NormalCursor,90,12
1,56,1.55,0,NormalCursor,90,12
1,26,1.62,0,NormalCursor,90,12
1,58,1.29,0,NormalCursor,90,12
1,63,1.13,0,NormalCursor,90,12
1,71,1.57,0,NormalCursor,90,12
1,31,1.63,0,NormalCursor,90,12
1,83,1.48,0,NormalCursor,90,12
1,6,0.79,0,NormalCursor,90,12
1,25,1.6,0,NormalCursor,90,12
1,11,0.78,0,BubbleCursor,60,18
1,17,1.96,0,BubbleCursor,60,18
1,53,0.88,0,BubbleCursor,60,18
1,32,2.48,1,BubbleCursor,60,18
1,49,1.05,0,BubbleCursor,60,18
1,41,0.68,0,BubbleCursor,60,18
1,16,1.09,0,BubbleCursor,60,18
1,28,0.85,0,BubbleCursor,60,18
1,43,0.72,0,BubbleCursor,60,18
1,59,0.97,0,BubbleCursor,60,18
1,10,0.77,0,RopeCursor,60,12
1,50,1.11,0,RopeCursor,60,12
1,49,0.98,0,RopeCursor,60,12
1,5,0.96,0,RopeCursor,60,12
1,3,0.81,0,RopeCursor,60,12
1,11,2.26,1,RopeCursor,60,12
1,24,0.84,0,RopeCursor,60,12
1,54,0.77,0,RopeCursor,60,12
1,26,0.87,0,RopeCursor,60,12
1,53,1.39,0,RopeCursor,60,12
1,10,0.98,0,NormalCursor,60,12
1,50,1.52,0,NormalCursor,60,12
1,49,1.35,0,NormalCursor,60,12
1,5,1.02,0,NormalCursor,60,12
1,3,0.98,0,NormalCursor,60,12
1,11,1.1,0,NormalCursor,60,12
1,24,1.38,0,NormalCursor,60,12
1,54,1.73,0,NormalCursor,60,12
1,26,1.3,0,NormalCursor,60,12
1,53,1.7,0,NormalCursor,60,12
1,24,1.78,0,NormalCursor,60,6
1,33,1.3,0,NormalCursor,60,6
1,28,1.07,0,NormalCursor,60,6
1,4,2.09,0,NormalCursor,60,6
1,20,1.76,0,NormalCursor,60,6
1,17,1.43,0,NormalCursor,60,6
1,15,1.5,0,NormalCursor,60,6
1,26,1.86,0,NormalCursor,60,6
1,49,1.8,0,NormalCursor,60,6
1,53,1.39,0,NormalCursor,60,6
1,58,0.68,0,RopeCursor,90,18
1,35,0.82,0,RopeCursor,90,18
1,43,0.91,0,RopeCursor,90,18
1,61,0.83,0,RopeCursor,90,18
1,62,1.12,0,RopeCursor,90,18
1,10,1.04,0,RopeCursor,90,18
1,67,0.96,0,RopeCursor,90,18
1,38,0.83,0,RopeCursor,90,18
1,42,0.93,0,RopeCursor,90,18
1,85,0.91,0,RopeCursor,90,18
1,11,2.48,0,BubbleCursor,90,6
1,62,2.79,0,BubbleCursor,90,6
1,31,1.22,0,BubbleCursor,90,6
1,75,1.31,0,BubbleCursor,90,6
1,55,1.06,0,BubbleCursor,90,6
1,27,0.85,0,BubbleCursor,90,6
1,83,1.64,0,BubbleCursor,90,6
1,8,0.89,0,BubbleCursor,90,6
1,10,1.44,0,BubbleCursor,90,6
1,12,1.62,0,BubbleCursor,90,6
1,23,0.93,0,BubbleCursor,30,12
1,0,0.91,0,BubbleCursor,30,12
1,28,0.95,0,BubbleCursor,30,12
1,16,1.09,0,BubbleCursor,30,12
1,3,1.12,0,BubbleCursor,30,12
1,14,0.97,0,BubbleCursor,30,12
1,4,0.87,0,BubbleCursor,30,12
1,21,0.94,0,BubbleCursor,30,12
1,24,0.95,0,BubbleCursor,30,12
1,17,0.78,0,BubbleCursor,30,12
1,50,1.03,0,RopeCursor,90,12
1,56,0.8,0,RopeCursor,90,12
1,26,1.01,0,RopeCursor,90,12
1,58,0.65,0,RopeCursor,90,12
1,63,0.81,0,RopeCursor,90,12
1,71,0.68,0,RopeCursor,90,12
1,31,1.03,0,RopeCursor,90,12
1,83,1.24,0,RopeCursor,90,12
1,6,1.0,0,RopeCursor,90,12
1,25,1.73,0,RopeCursor,90,12
1,11,0.68,0,RopeCursor,60,18
1,17,1.05,0,RopeCursor,60,18
1,53,0.81,0,RopeCursor,60,18
1,32,0.93,0,RopeCursor,60,18
1,49,1.08,0,RopeCursor,60,18
1,41,0.99,0,RopeCursor,60,18
1,16,1.01,0,RopeCursor,60,18
1,28,1.03,0,RopeCursor,60,18
1,43,0.8,0,RopeCursor,60,18
1,59,1.1,0,RopeCursor,60,18
1,11,0.98,0,NormalCursor,60,18
1,17,0.89,0,NormalCursor,60,18
1,53,0.93,0,NormalCursor,60,18
1,32,3.01,1,NormalCursor,60,18
1,49,1.18,0,NormalCursor,60,18
1,41,0.91,0,NormalCursor,60,18
1,16,1.0,0,NormalCursor,60,18
1,28,1.06,0,NormalCursor,60,18
1,43,1.11,0,NormalCursor,60,18
1,59,1.11,0,NormalCursor,60,18
1,7,2.07,0,RopeCursor,30,6
1,18,0.92,0,RopeCursor,30,6
1,1,1.33,0,RopeCursor,30,6
1,17,1.12,0,RopeCursor,30,6
1,20,1.15,0,RopeCursor,30,6
1,13,1.2,0,RopeCursor,30,6
1,24,0.74,0,RopeCursor,30,6
1,3,1.33,0,RopeCursor,30,6
1,6,0.62,0,RopeCursor,30,6
1,23,1.69,0,RopeCursor,30,6
1,50,1.22,0,BubbleCursor,90,12
1,56,0.77,0,BubbleCursor,90,12
1,26,1.27,0,BubbleCursor,90,12
1,58,0.99,0,BubbleCursor,90,12
1,63,0.87,0,BubbleCursor,90,12
1,71,0.97,0,BubbleCursor,90,12
1,31,1.17,0,BubbleCursor,90,12
1,83,1.22,0,BubbleCursor,90,12
1,6,0.75,0,BubbleCursor,90,12
1,25,1.71,0,BubbleCursor,90,12
1,58,0.8,0,BubbleCursor,90,18
1,35,0.87,0,BubbleCursor,90,18
1,43,1.0,0,BubbleCursor,90,18
1,61,0.87,0,BubbleCursor,90,18
1,62,1.08,0,BubbleCursor,90,18
1,10,0.83,0,BubbleCursor,90,18
1,67,0.81,0,BubbleCursor,90,18
1,38,0.8,0,BubbleCursor,90,18
1,42,0.8,0,BubbleCursor,90,18
1,85,1.08,0,BubbleCursor,90,18
1,23,1.03,0,RopeCursor,30,12
1,0,0.89,0,RopeCursor,30,12
1,28,1.21,0,RopeCursor,30,12
1,16,1.1,0,RopeCursor,30,12
1,3,1.1,0,RopeCursor,30,12
1,14,1.04,0,RopeCursor,30,12
1,4,1.01,0,RopeCursor,30,12
1,21,1.11,0,RopeCursor,30,12
1,24,0.78,0,RopeCursor,30,12
1,17,0.94,0,RopeCursor,30,12
1,24,0.95,0,BubbleCursor,60,6
1,33,1.33,0,BubbleCursor,60,6
1,28,0.95,0,BubbleCursor,60,6
1,4,1.27,0,BubbleCursor,60,6
1,20,1.29,0,BubbleCursor,60,6
1,17,5.54,0,BubbleCursor,60,6
1,15,1.18,0,BubbleCursor,60,6
1,26,1.43,0,BubbleCursor,60,6
1,49,0.98,0,BubbleCursor,60,6
1,53,1.06,0,BubbleCursor,60,6
1,7,0.84,0,BubbleCursor,30,6
1,18,0.95,0,BubbleCursor,30,6
1,1,1.06,0,BubbleCursor,30,6
1,17,0.95,0,BubbleCursor,30,6
1,20,1.02,0,BubbleCursor,30,6
1,13,1.07,0,BubbleCursor,30,6
1,24,0.8,0,BubbleCursor,30,6
1,3,1.0,0,BubbleCursor,30,6
1,6,0.7,0,BubbleCursor,30,6
1,23,1.56,0,BubbleCursor,30,6
1,23,0.78,0,RopeCursor,30,18
1,10,0.93,0,RopeCursor,30,18
1,21,0.92,0,RopeCursor,30,18
1,15,0.74,0,RopeCursor,30,18
1,3,0.88,0,RopeCursor,30,18
1,2,0.77,0,RopeCursor,30,18
1,6,0.71,0,RopeCursor,30,18
1,12,1.07,0,RopeCursor,30,18
1,5,1.37,0,RopeCursor,30,18
1,9,0.82,0,RopeCursor,30,18
1,11,1.71,0,NormalCursor,90,6
1,62,2.81,0,NormalCursor,90,6
1,31,2.11,0,NormalCursor,90,6
1,75,2.18,0,NormalCursor,90,6
1,55,1.98,0,NormalCursor,90,6
1,27,1.09,0,NormalCursor,90,6
1,83,2.02,0,NormalCursor,90,6
1,8,1.45,0,NormalCursor,90,6
1,10,1.72,0,NormalCursor,90,6
1,12,2.71,0,NormalCursor,90,6
1,23,2.82,1,NormalCursor,30,12
1,0,1.28,0,NormalCursor,30,12
1,28,3.04,1,NormalCursor,30,12
1,16,1.53,0,NormalCursor,30,12
1,3,1.35,0,NormalCursor,30,12
1,14,1.03,0,NormalCursor,30,12
1,4,1.04,0,NormalCursor,30,12
1,21,1.54,0,NormalCursor,30,12
1,24,0.95,0,NormalCursor,30,12
1,17,1.29,0,NormalCursor,30,12
2,50,1.73,0,NormalCursor,90,12
2,56,1.31,0,NormalCursor,90,12
2,26,1.28,0,NormalCursor,90,12
2,58,1.12,0,NormalCursor,90,12
2,63,1.01,0,NormalCursor,90,12
2,71,1.22,0,NormalCursor,90,12
2,31,1.54,0,NormalCursor,90,12
2,83,1.42,0,NormalCursor,90,12
2,6,1.01,0,NormalCursor,90,12
2,25,1.72,0,NormalCursor,90,12
2,58,1.18,0,BubbleCursor,90,18
2,35,0.75,0,BubbleCursor,90,18
2,43,0.83,0,BubbleCursor,90,18
2,61,0.75,0,BubbleCursor,90,18
2,62,1.34,0,BubbleCursor,90,18
2,10,0.91,0,BubbleCursor,90,18
2,67,1.03,0,BubbleCursor,90,18
2,38,0.75,0,BubbleCursor,90,18
2,42,0.82,0,BubbleCursor,90,18
2,85,0.88,0,BubbleCursor,90,18
2,50,1.02,0,BubbleCursor,90,12
2,56,0.81,0,BubbleCursor,90,12
2,26,0.71,0,BubbleCursor,90,12
2,58,0.67,0,BubbleCursor,90,12
2,63,0.76,0,BubbleCursor,90,12
2,71,0.7,0,BubbleCursor,90,12
2,31,1.23,0,BubbleCursor,90,12
2,83,0.95,0,BubbleCursor,90,12
2,6,0.76,0,BubbleCursor,90,12
2,25,1.47,0,BubbleCursor,90,12
2,58,0.9,0,NormalCursor,90,18
2,35,0.77,0,NormalCursor,90,18
2,43,0.88,0,NormalCursor,90,18
2,61,0.79,0,NormalCursor,90,18
2,62,1.0,0,NormalCursor,90,18
2,10,1.18,0,NormalCursor,90,18
2,67,1.02,0,NormalCursor,90,18
2,38,1.2,0,NormalCursor,90,18
2,42,1.08,0,NormalCursor,90,18
2,85,1.05,0,NormalCursor,90,18
2,50,1.02,0,NormalCursor,90,12
2,56,0.83,0,NormalCursor,90,12
2,26,0.92,0,NormalCursor,90,12
2,58,0.84,0,NormalCursor,90,12
2,63,1.07,0,NormalCursor,90,12
2,71,0.85,0,NormalCursor,90,12
2,31,1.48,0,NormalCursor,90,12
2,83,1.41,0,NormalCursor,90,12
2,6,0.94,0,NormalCursor,90,12
2,25,3.15,1,NormalCursor,90,12
2,10,0.74,0,NormalCursor,60,12
2,50,1.38,0,NormalCursor,60,12
2,49,1.35,0,NormalCursor,60,12
2,5,2.8,1,NormalCursor,60,12
2,3,1.03,0,NormalCursor,60,12
2,11,1.15,0,NormalCursor,60,12
2,24,0.97,0,NormalCursor,60,12
2,54,1.03,0,NormalCursor,60,12
2,26,1.0,0,NormalCursor,60,12
2,53,1.27,0,NormalCursor,60,12
2,7,0.97,0,NormalCursor,30,6
2,18,2.68,1,NormalCursor,30,6
2,1,1.51,0,NormalCursor,30,6
2,17,1.61,0,NormalCursor,30,6
2,20,1.46,0,NormalCursor,30,6
2,13,1.11,0,NormalCursor,30,6
2,24,1.16,0,NormalCursor,30,6
2,3,3.14,1,NormalCursor,30,6
2,6,1.09,0,NormalCursor,30,6
2,23,1.36,0,NormalCursor,30,6
2,23,0.74,0,NormalCursor,30,12
2,0,1.35,0,NormalCursor,30,12
2,28,1.22,0,NormalCursor,30,12
2,16,1.2,0,NormalCursor,30,12
2,3,1.31,0,NormalCursor,30,12
2,14,1.09,0,NormalCursor,30,12
2,4,1.29,0,NormalCursor,30,12
2,21,1.62,0,NormalCursor,30,12
2,24,1.23,0,NormalCursor,30,12
2,17,1.05,0,NormalCursor,30,12
2,7,2.76,1,BubbleCursor,30,6
2,18,0.9,0,BubbleCursor,30,6
2,1,1.23,0,BubbleCursor,30,6
2,17,0.89,0,BubbleCursor,30,6
2,20,1.25,0,BubbleCursor,30,6
2,13,0.82,0,BubbleCursor,30,6
2,24,0.82,0,BubbleCursor,30,6
2,3,0.94,0,BubbleCursor,30,6
2,6,0.78,0,BubbleCursor,30,6
2,23,1.39,0,BubbleCursor,30,6
2,10,1.0,0,RopeCursor,60,12
2,50,1.02,0,RopeCursor,60,12
2,49,0.9,0,RopeCursor,60,12
2,5,1.3,0,RopeCursor,60,12
2,3,0.79,0,RopeCursor,60,12
2,11,1.26,0,RopeCursor,60,12
2,24,2.39,0,RopeCursor,60,12
2,54,0.91,0,RopeCursor,60,12
2,26,1.09,0,RopeCursor,60,12
2,53,2.02,0,RopeCursor,60,12
2,23,1.08,0,RopeCursor,30,12
2,0,0.94,0,RopeCursor,30,12
2,28,0.93,0,RopeCursor,30,12
2,16,1.18,0,RopeCursor,30,12
2,3,1.0,0,RopeCursor,30,12
2,14,0.81,0,RopeCursor,30,12
2,4,0.87,0,RopeCursor,30,12
2,21,1.19,0,RopeCursor,30,12
2,24,0.81,0,RopeCursor,30,12
2,17,0.84,0,RopeCursor,30,12
2,23,0.67,0,BubbleCursor,30,12
2,0,0.8,0,BubbleCursor,30,12
2,28,0.81,0,BubbleCursor,30,12
2,16,0.82,0,BubbleCursor,30,12
2,3,0.9,0,BubbleCursor,30,12
2,14,0.66,0,BubbleCursor,30,12
2,4,0.78,0,BubbleCursor,30,12
2,21,0.7,0,BubbleCursor,30,12
2,24,0.85,0,BubbleCursor,30,12
2,17,1.9,1,BubbleCursor,30,12
2,24,1.17,0,NormalCursor,60,6
2,33,1.17,0,NormalCursor,60,6
2,28,1.26,0,NormalCursor,60,6
2,4,1.25,0,NormalCursor,60,6
2,20,1.52,0,NormalCursor,60,6
2,17,1.65,0,NormalCursor,60,6
2,15,1.44,0,NormalCursor,60,6
2,26,2.39,0,NormalCursor,60,6
2,49,1.48,0,NormalCursor,60,6
2,53,1.53,0,NormalCursor,60,6
2,11,1.09,0,NormalCursor,60,18
2,17,1.09,0,NormalCursor,60,18
2,53,1.28,0,NormalCursor,60,18
2,32,0.97,0,NormalCursor,60,18
2,49,1.04,0,NormalCursor,60,18
2,41,1.13,0,NormalCursor,60,18
2,16,1.0,0,NormalCursor,60,18
2,28,0.93,0,NormalCursor,60,18
2,43,1.06,0,NormalCursor,60,18
2,59,3.3,1,NormalCursor,60,18
2,10,0.79,0,BubbleCursor,60,12
2,50,1.14,0,BubbleCursor,60,12
2,49,1.15,0,BubbleCursor,60,12
2,5,0.95,0,BubbleCursor,60,12
2,3,0.87,0,BubbleCursor,60,12
2,11,0.91,0,BubbleCursor,60,12
2,24,0.87,0,BubbleCursor,60,12
2,54,0.83,0,BubbleCursor,60,12
2,26,2.37,1,BubbleCursor,60,12
2,53,1.21,0,BubbleCursor,60,12
2,23,0.79,0,RopeCursor,30,18
2,10,1.13,0,RopeCursor,30,18
2,21,1.07,0,RopeCursor,30,18
2,15,0.83,0,RopeCursor,30,18
2,3,0.98,0,RopeCursor,30,18
2,2,0.88,0,RopeCursor,30,18
2,6,0.71,0,RopeCursor,30,18
2,12,2.52,1,RopeCursor,30,18
2,5,1.42,0,RopeCursor,30,18
2,9,0.78,0,RopeCursor,30,18
2,24,1.01,0,RopeCursor,60,6
2,33,1.34,0,RopeCursor,60,6
2,28,1.01,0,RopeCursor,60,6
2,4,1.21,0,RopeCursor,60,6
2,20,1.57,0,RopeCursor,60,6
2,17,1.89,0,RopeCursor,60,6
2,15,1.44,0,RopeCursor,60,6
2,26,1.64,0,RopeCursor,60,6
2,49,1.4,0,RopeCursor,60,6
2,53,2.01,0,RopeCursor,60,6
2,24,0.73,0,BubbleCursor,60,6
2,33,1.01,0,BubbleCursor,60,6
2,28,0.86,0,BubbleCursor,60,6
2,4,1.42,0,BubbleCursor,60,6
2,20,1.26,0,BubbleCursor,60,6
2,17,1.61,0,BubbleCursor,60,6
2,15,1.23,0,BubbleCursor,60,6
2,26,1.27,0,BubbleCursor,60,6
2,49,1.22,0,BubbleCursor,60,6
2,53,1.11,0,BubbleCursor,60,6
2,11,1.66,0,BubbleCursor,90,6
2,62,2.72,0,BubbleCursor,90,6
2,31,1.35,0,BubbleCursor,90,6
2,75,1.78,0,BubbleCursor,90,6
2,55,1.15,0,BubbleCursor,90,6
2,27,0.88,0,BubbleCursor,90,6
2,83,1.32,0,BubbleCursor,90,6
2,8,1.25,0,BubbleCursor,90,6
2,10,1.39,0,BubbleCursor,90,6
2,12,1.73,0,BubbleCursor,90,6
2,11,1.15,0,BubbleCursor,60,18
2,17,1.08,0,BubbleCursor,60,18
2,53,0.91,0,BubbleCursor,60,18
2,32,1.09,0,BubbleCursor,60,18
2,49,1.05,0,BubbleCursor,60,18
2,41,0.96,0,BubbleCursor,60,18
2,16,1.03,0,BubbleCursor,60,18
2,28,0.97,0,BubbleCursor,60,18
2,43,0.78,0,BubbleCursor,60,18
2,59,0.99,0,BubbleCursor,60,18
2,23,0.63,0,BubbleCursor,30,18
2,10,0.79,0,BubbleCursor,30,18
2,21,0.77,0,BubbleCursor,30,18
2,15,0.92,0,BubbleCursor,30,18
2,3,0.69,0,BubbleCursor,30,18
2,2,0.73,0,BubbleCursor,30,18
2,6,0.69,0,BubbleCursor,30,18
2,12,0.86,0,BubbleCursor,30,18
2,5,1.3,0,BubbleCursor,30,18
2,9,0.75,0,BubbleCursor,30,18
2,7,0.68,0,RopeCursor,30,6
2,18,1.8,0,RopeCursor,30,6
2,1,2.8,1,RopeCursor,30,6
2,17,0.91,0,RopeCursor,30,6
2,20,0.86,0,RopeCursor,30,6
2,13,1.39,0,RopeCursor,30,6
2,24,1.03,0,RopeCursor,30,6
2,3,1.14,0,RopeCursor,30,6
2,6,0.8,0,RopeCursor,30,6
2,23,1.45,0,RopeCursor,30,6
2,58,1.13,0,RopeCursor,90,18
2,35,0.93,0,RopeCursor,90,18
2,43,1.32,0,RopeCursor,90,18
2,61,0.79,0,RopeCursor,90,18
2,62,1.41,0,RopeCursor,90,18
2,10,0.94,0,RopeCursor,90,18
2,67,0.86,0,RopeCursor,90,18
2,38,0.76,0,RopeCursor,90,18
2,42,0.9,0,RopeCursor,90,18
2,85,0.97,0,RopeCursor,90,18
2,50,1.01,0,RopeCursor,90,12
2,56,0.83,0,RopeCursor,90,12
2,26,0.8,0,RopeCursor,90,12
2,58,0.8,0,RopeCursor,90,12
2,63,0.86,0,RopeCursor,90,12
2,71,0.8,0,RopeCursor,90,12
2,31,0.99,0,RopeCursor,90,12
2,83,1.06,0,RopeCursor,90,12
2,6,0.76,0,RopeCursor,90,12
2,25,1.22,0,RopeCursor,90,12
2,11,0.77,0,RopeCursor,60,18
2,17,0.77,0,RopeCursor,60,18
2,53,0.9,0,RopeCursor,60,18
2,32,1.03,0,RopeCursor,60,18
2,49,1.18,0,RopeCursor,60,18
2,41,0.77,0,RopeCursor,60,18
2,16,0.88,0,RopeCursor,60,18
2,28,0.76,0,RopeCursor,60,18
2,43,0.77,0,RopeCursor,60,18
2,59,0.94,0,RopeCursor,60,18
2,23,1.06,0,NormalCursor,30,18
2,10,0.85,0,NormalCursor,30,18
2,21,1.18,0,NormalCursor,30,18
2,15,1.06,0,NormalCursor,30,18
2,3,0.95,0,NormalCursor,30,18
2,2,0.96,0,NormalCursor,30,18
2,6,1.04,0,NormalCursor,30,18
2,12,1.18,0,NormalCursor,30,18
2,5,1.4,0,NormalCursor,30,18
2,9,1.15,0,NormalCursor,30,18
2,11,1.51,0,RopeCursor,90,6
2,62,2.5,0,RopeCursor,90,6
2,31,0.92,0,RopeCursor,90,6
2,75,1.26,0,RopeCursor,90,6
2,55,1.22,0,RopeCursor,90,6
2,27,0.97,0,RopeCursor,90,6
2,83,1.4,0,RopeCursor,90,6
2,8,1.36,0,RopeCursor,90,6
2,10,1.37,0,RopeCursor,90,6
2,12,1.6,0,RopeCursor,90,6
2,11,2.68,0,NormalCursor,90,6
2,62,1.34,0,NormalCursor,90,6
2,31,1.56,0,NormalCursor,90,6
2,75,1.68,0,NormalCursor,90,6
2,55,1.64,0,NormalCursor,90,6
2,27,1.14,0,NormalCursor,90,6
2,83,1.57,0,NormalCursor,90,6
2,8,1.25,0,NormalCursor,90,6
2,10,1.45,0,NormalCursor,90,6
2,12,1.5,0,NormalCursor,90,6
3,7,2.13,0,RopeCursor,30,6
3,18,0.96,0,RopeCursor,30,6
3,1,1.25,0,RopeCursor,30,6
3,17,1.02,0,RopeCursor,30,6
3,20,1.29,0,RopeCursor,30,6
3,13,1.71,0,RopeCursor,30,6
3,24,0.81,0,RopeCursor,30,6
3,3,1.36,0,RopeCursor,30,6
3,6,0.78,0,RopeCursor,30,6
3,23,1.25,0,RopeCursor,30,6
3,11,1.11,0,NormalCursor,60,18
3,17,0.9,0,NormalCursor,60,18
3,53,1.04,0,NormalCursor,60,18
3,32,0.89,0,NormalCursor,60,18
3,49,1.0,0,NormalCursor,60,18
3,41,0.68,0,NormalCursor,60,18
3,16,0.99,0,NormalCursor,60,18
3,28,1.0,0,NormalCursor,60,18
3,43,0.85,0,NormalCursor,60,18
3,59,1.4,0,NormalCursor,60,18
3,58,3.12,1,BubbleCursor,90,18
3,35,1.03,0,BubbleCursor,90,18
3,43,0.95,0,BubbleCursor,90,18
3,61,0.81,0,BubbleCursor,90,18
3,62,1.08,0,BubbleCursor,90,18
3,10,0.89,0,BubbleCursor,90,18
3,67,0.89,0,BubbleCursor,90,18
3,38,0.8,0,BubbleCursor,90,18
3,42,0.76,0,BubbleCursor,90,18
3,85,1.0,0,BubbleCursor,90,18
3,24,0.98,0,BubbleCursor,60,6
3,33,1.28,0,BubbleCursor,60,6
3,28,0.84,0,BubbleCursor,60,6
3,4,2.68,0,BubbleCursor,60,6
3,20,1.33,0,BubbleCursor,60,6
3,17,2.23,0,BubbleCursor,60,6
3,15,1.45,0,BubbleCursor,60,6
3,26,2.99,0,BubbleCursor,60,6
3,49,2.86,1,BubbleCursor,60,6
3,53,1.65,0,BubbleCursor,60,6
3,10,0.91,0,RopeCursor,60,12
3,50,1.39,0,RopeCursor,60,12
3,49,0.97,0,RopeCursor,60,12
3,5,1.1,0,RopeCursor,60,12
3,3,0.98,0,RopeCursor,60,12
3,11,1.05,0,RopeCursor,60,12
3,24,0.88,0,RopeCursor,60,12
3,54,0.91,0,RopeCursor,60,12
3,26,1.03,0,RopeCursor,60,12
3,53,1.32,0,RopeCursor,60,12
3,23,1.09,0,NormalCursor,30,18
3,10,1.32,0,NormalCursor,30,18
3,21,1.42,0,NormalCursor,30,18
3,15,1.27,0,NormalCursor,30,18
3,3,1.08,0,NormalCursor,30,18
3,2,0.76,0,NormalCursor,30,18
3,6,1.03,0,NormalCursor,30,18
3,12,1.34,0,NormalCursor,30,18
3,5,1.57,0,NormalCursor,30,18
3,9,0.92,0,NormalCursor,30,18
3,58,0.9,0,RopeCursor,90,18
3,35,0.74,0,RopeCursor,90,18
3,43,1.05,0,RopeCursor,90,18
3,61,0.76,0,RopeCursor,90,18
3,62,1.07,0,RopeCursor,90,18
3,10,1.03,0,RopeCursor,90,18
3,67,0.94,0,RopeCursor,90,18
3,38,0.84,0,RopeCursor,90,18
3,42,1.02,0,RopeCursor,90,18
3,85,0.92,0,RopeCursor,90,18
3,24,1.49,0,RopeCursor,60,6
3,33,0.98,0,RopeCursor,60,6
3,28,0.71,0,RopeCursor,60,6
3,4,0.97,0,RopeCursor,60,6
3,20,1.14,0,RopeCursor,60,6
3,17,1.8,0,RopeCursor,60,6
3,15,1.18,0,RopeCursor,60,6
3,26,1.38,0,RopeCursor,60,6
3,49,1.49,0,RopeCursor,60,6
3,53,1.46,0,RopeCursor,60,6
3,50,0.77,0,RopeCursor,90,12
3,56,2.33,1,RopeCursor,90,12
3,26,1.19,0,RopeCursor,90,12
3,58,0.78,0,RopeCursor,90,12
3,63,0.73,0,RopeCursor,90,12
3,71,0.75,0,RopeCursor,90,12
3,31,1.36,0,RopeCursor,90,12
3,83,0.98,0,RopeCursor,90,12
3,6,0.7,0,RopeCursor,90,12
3,25,1.57,0,RopeCursor,90,12
3,11,0.72,0,BubbleCursor,60,18
3,17,1.02,0,BubbleCursor,60,18
3,53,0.68,0,BubbleCursor,60,18
3,32,1.0,0,BubbleCursor,60,18
3,49,1.01,0,BubbleCursor,60,18
3,41,0.8,0,BubbleCursor,60,18
3,16,0.94,0,BubbleCursor,60,18
3,28,0.94,0,BubbleCursor,60,18
3,43,0.7,0,BubbleCursor,60,18
3,59,0.81,0,BubbleCursor,60,18
3,50,0.84,0,NormalCursor,90,12
3,56,0.98,0,NormalCursor,90,12
3,26,0.98,0,NormalCursor,90,12
3,58,0.8,0,NormalCursor,90,12
3,63,0.84,0,NormalCursor,90,12
3,71,1.14,0,NormalCursor,90,12
3,31,1.21,0,NormalCursor,90,12
3,83,1.25,0,NormalCursor,90,12
3,6,1.45,0,NormalCursor,90,12
3,25,1.41,0,NormalCursor,90,12
3,58,0.86,0,NormalCursor,90,18
3,35,0.73,0,NormalCursor,90,18
3,43,1.0,0,NormalCursor,90,18
3,61,0.84,0,NormalCursor,90,18
3,62,1.26,0,NormalCursor,90,18
3,10,2.62,1,NormalCursor,90,18
3,67,1.26,0,NormalCursor,90,18
3,38,1.06,0,NormalCursor,90,18
3,42,0.86,0,NormalCursor,90,18
3,85,1.02,0,NormalCursor,90,18
3,7,1.13,0,BubbleCursor,30,6
3,18,3.35,1,BubbleCursor,30,6
3,1,1.27,0,BubbleCursor,30,6
3,17,0.98,0,BubbleCursor,30,6
3,20,1.67,0,BubbleCursor,30,6
3,13,1.43,0,BubbleCursor,30,6
3,24,0.78,0,BubbleCursor,30,6
3,3,1.08,0,BubbleCursor,30,6
3,6,0.73,0,BubbleCursor,30,6
3,23,1.19,0,BubbleCursor,30,6
3,23,0.62,0,NormalCursor,30,12
3,0,1.08,0,NormalCursor,30,12
3,28,0.86,0,NormalCursor,30,12
3,16,1.66,0,NormalCursor,30,12
3,3,1.27,0,NormalCursor,30,12
3,14,1.0,0,NormalCursor,30,12
3,4,1.01,0,NormalCursor,30,12
3,21,0.89,0,NormalCursor,30,12
3,24,1.03,0,NormalCursor,30,12
3,17,1.09,0,NormalCursor,30,12
3,23,0.82,0,RopeCursor,30,18
3,10,1.16,0,RopeCursor,30,18
3,21,0.96,0,RopeCursor,30,18
3,15,0.6,0,RopeCursor,30,18
3,3,1.05,0,RopeCursor,30,18
3,2,1.12,0,RopeCursor,30,18
3,6,0.79,0,RopeCursor,30,18
3,12,0.91,0,RopeCursor,30,18
3,5,1.52,0,RopeCursor,30,18
3,9,0.78,0,RopeCursor,30,18
3,23,0.65,0,BubbleCursor,30,12
3,0,0.86,0,BubbleCursor,30,12
3,28,0.83,0,BubbleCursor,30,12
3,16,1.02,0,BubbleCursor,30,12
3,3,1.3,0,BubbleCursor,30,12
3,14,0.92,0,BubbleCursor,30,12
3,4,0.82,0,BubbleCursor,30,12
3,21,0.96,0,BubbleCursor,30,12
3,24,1.05,0,BubbleCursor,30,12
3,17,0.87,0,BubbleCursor,30,12
3,23,0.97,0,BubbleCursor,30,18
3,10,1.01,0,BubbleCursor,30,18
3,21,0.9,0,BubbleCursor,30,18
3,15,0.84,0,BubbleCursor,30,18
3,3,1.16,0,BubbleCursor,30,18
3,2,0.74,0,BubbleCursor,30,18
3,6,0.71,0,BubbleCursor,30,18
3,12,0.82,0,BubbleCursor,30,18
3,5,1.35,0,BubbleCursor,30,18
3,9,0.75,0,BubbleCursor,30,18
3,11,1.97,0,BubbleCursor,90,6
3,62,2.01,0,BubbleCursor,90,6
3,31,1.08,0,BubbleCursor,90,6
3,75,2.34,0,BubbleCursor,90,6
3,55,1.02,0,BubbleCursor,90,6
3,27,0.99,0,BubbleCursor,90,6
3,83,3.17,0,BubbleCursor,90,6
3,8,0.99,0,BubbleCursor,90,6
3,10,1.85,0,BubbleCursor,90,6
3,12,1.49,0,BubbleCursor,90,6
3,11,2.61,0,RopeCursor,90,6
3,62,2.14,0,RopeCursor,90,6
3,31,1.17,0,RopeCursor,90,6
3,75,1.19,0,RopeCursor,90,6
3,55,1.46,0,RopeCursor,90,6
3,27,1.31,0,RopeCursor,90,6
3,83,1.46,0,RopeCursor,90,6
3,8,1.15,0,RopeCursor,90,6
3,10,1.4,0,RopeCursor,90,6
3,12,1.38,0,RopeCursor,90,6
3,11,3.3,0,NormalCursor,90,6
3,62,1.77,0,NormalCursor,90,6
3,31,2.09,0,NormalCursor,90,6
3,75,1.86,0,NormalCursor,90,6
3,55,1.8,0,NormalCursor,90,6
3,27,1.31,0,NormalCursor,90,6
3,83,1.88,0,NormalCursor,90,6
3,8,1.16,0,NormalCursor,90,6
3,10,4.12,2,NormalCursor,90,6
3,12,1.35,0,NormalCursor,90,6
3,24,1.09,0,NormalCursor,60,6
3,33,2.84,1,NormalCursor,60,6
3,28,1.15,0,NormalCursor,60,6
3,4,0.85,0,NormalCursor,60,6
3,20,1.58,0,NormalCursor,60,6
3,17,3.35,1,NormalCursor,60,6
3,15,1.18,0,NormalCursor,60,6
3,26,3.45,1,NormalCursor,60,6
3,49,1.16,0,NormalCursor,60,6
3,53,1.52,0,NormalCursor,60,6
3,10,0.86,0,BubbleCursor,60,12
3,50,1.1,0,BubbleCursor,60,12
3,49,0.85,0,BubbleCursor,60,12
3,5,0.88,0,BubbleCursor,60,12
3,3,0.91,0,BubbleCursor,60,12
3,11,0.96,0,BubbleCursor,60,12
3,24,0.82,0,BubbleCursor,60,12
3,54,1.0,0,BubbleCursor,60,12
3,26,2.27,1,BubbleCursor,60,12
3,53,1.14,0,BubbleCursor,60,12
3,7,1.22,0,NormalCursor,30,6
3,18,1.5,0,NormalCursor,30,6
3,1,1.65,0,NormalCursor,30,6
3,17,1.81,0,NormalCursor,30,6
3,20,1.88,0,NormalCursor,30,6
3,13,1.61,0,NormalCursor,30,6
3,24,1.3,0,NormalCursor,30,6
3,3,2.26,0,NormalCursor,30,6
3,6,1.26,0,NormalCursor,30,6
3,23,1.87,0,NormalCursor,30,6
3,11,0.98,0,RopeCursor,60,18
3,17,0.96,0,RopeCursor,60,18
3,53,0.99,0,RopeCursor,60,18
3,32,0.96,0,RopeCursor,60,18
3,49,1.01,0,RopeCursor,60,18
3,41,0.69,0,RopeCursor,60,18
3,16,0.95,0,RopeCursor,60,18
3,28,1.05,0,RopeCursor,60,18
3,43,0.77,0,RopeCursor,60,18
3,59,0.94,0,RopeCursor,60,18
3,10,1.0,0,NormalCursor,60,12
3,50,1.52,0,NormalCursor,60,12
3,49,1.07,0,NormalCursor,60,12
3,5,0.85,0,NormalCursor,60,12
3,3,0.94,0,NormalCursor,60,12
3,11,1.26,0,NormalCursor,60,12
3,24,1.13,0,NormalCursor,60,12
3,54,1.16,0,NormalCursor,60,12
3,26,1.14,0,NormalCursor,60,12
3,53,2.17,0,NormalCursor,60,12
3,23,1.06,0,RopeCursor,30,12
3,0,0.95,0,RopeCursor,30,12
3,28,0.76,0,RopeCursor,30,12
3,16,1.12,0,RopeCursor,30,12
3,3,1.19,0,RopeCursor,30,12
3,14,0.84,0,RopeCursor,30,12
3,4,0.91,0,RopeCursor,30,12
3,21,0.98,0,RopeCursor,30,12
3,24,0.82,0,RopeCursor,30,12
3,17,0.7,0,RopeCursor,30,12
3,50,1.24,0,BubbleCursor,90,12
3,56,0.72,0,BubbleCursor,90,12
3,26,0.96,0,BubbleCursor,90,12
3,58,0.85,0,BubbleCursor,90,12
3,63,0.76,0,BubbleCursor,90,12
3,71,0.82,0,BubbleCursor,90,12
3,31,1.28,0,BubbleCursor,90,12
3,83,1.14,0,BubbleCursor,90,12
3,6,0.85,0,BubbleCursor,90,12
3,25,1.46,0,BubbleCursor,90,12
4,58,1.14,0,RopeCursor,90,18
4,35,0.98,0,RopeCursor,90,18
4,43,1.04,0,RopeCursor,90,18
4,61,0.98,0,RopeCursor,90,18
4,62,1.22,0,RopeCursor,90,18
4,10,1.23,0,RopeCursor,90,18
4,67,0.95,0,RopeCursor,90,18
4,38,0.8,0,RopeCursor,90,18
4,42,1.17,0,RopeCursor,90,18
4,85,1.02,0,RopeCursor,90,18
4,11,1.97,0,NormalCursor,90,6
4,62,1.68,0,NormalCursor,90,6
4,31,1.05,0,NormalCursor,90,6
4,75,1.62,0,NormalCursor,90,6
4,55,1.54,0,NormalCursor,90,6
4,27,1.49,0,NormalCursor,90,6
4,83,2.18,0,NormalCursor,90,6
4,8,1.15,0,NormalCursor,90,6
4,10,1.4,0,NormalCursor,90,6
4,12,1.97,0,NormalCursor,90,6
4,50,1.14,0,NormalCursor,90,12
4,56,2.48,1,NormalCursor,90,12
4,26,1.13,0,NormalCursor,90,12
4,58,1.43,0,NormalCursor,90,12
4,63,1.22,0,NormalCursor,90,12
4,71,1.23,0,NormalCursor,90,12
4,31,1.33,0,NormalCursor,90,12
4,83,1.67,0,NormalCursor,90,12
4,6,1.03,0,NormalCursor,90,12
4,25,1.71,0,NormalCursor,90,12
4,23,0.7,0,NormalCursor,30,18
4,10,0.94,0,NormalCursor,30,18
4,21,1.1,0,NormalCursor,30,18
4,15,2.72,1,NormalCursor,30,18
4,3,1.09,0,NormalCursor,30,18
4,2,1.0,0,NormalCursor,30,18
4,6,0.96,0,NormalCursor,30,18
4,12,1.17,0,NormalCursor,30,18
4,5,1.44,0,NormalCursor,30,18
4,9,1.15,0,NormalCursor,30,18
4,58,0.87,0,BubbleCursor,90,18
4,35,0.74,0,BubbleCursor,90,18
4,43,0.8,0,BubbleCursor,90,18
4,61,1.14,0,BubbleCursor,90,18
4,62,1.24,0,BubbleCursor,90,18
4,10,0.9,0,BubbleCursor,90,18
4,67,0.92,0,BubbleCursor,90,18
4,38,0.82,0,BubbleCursor,90,18
4,42,0.93,0,BubbleCursor,90,18
4,85,0.92,0,BubbleCursor,90,18
4,11,1.13,0,NormalCursor,60,18
4,17,1.24,0,NormalCursor,60,18
4,53,1.0,0,NormalCursor,60,18
4,32,1.31,0,NormalCursor,60,18
4,49,1.1,0,NormalCursor,60,18
4,41,0.97,0,NormalCursor,60,18
4,16,1.04,0,NormalCursor,60,18
4,28,0.98,0,NormalCursor,60,18
4,43,1.09,0,NormalCursor,60,18
4,59,1.32,0,NormalCursor,60,18
4,10,0.82,0,BubbleCursor,60,12
4,50,1.08,0,BubbleCursor,60,12
4,49,0.98,0,BubbleCursor,60,12
4,5,0.88,0,BubbleCursor,60,12
4,3,0.84,0,BubbleCursor,60,12
4,11,1.33,0,BubbleCursor,60,12
4,24,0.91,0,BubbleCursor,60,12
4,54,0.81,0,BubbleCursor,60,12
4,26,0.85,0,BubbleCursor,60,12
4,53,0.99,0,BubbleCursor,60,12
4,7,0.87,0,RopeCursor,30,6
4,18,1.06,0,RopeCursor,30,6
4,1,1.14,0,RopeCursor,30,6
4,17,1.06,0,RopeCursor,30,6
4,20,1.18,0,RopeCursor,30,6
4,13,1.59,0,RopeCursor,30,6
4,24,0.86,0,RopeCursor,30,6
4,3,1.12,0,RopeCursor,30,6
4,6,1.23,0,RopeCursor,30,6
4,23,1.76,0,RopeCursor,30,6
4,7,2.11,0,NormalCursor,30,6
4,18,1.53,0,NormalCursor,30,6
4,1,1.55,0,NormalCursor,30,6
4,17,3.21,1,NormalCursor,30,6
4,20,1.45,0,NormalCursor,30,6
4,13,2.05,0,NormalCursor,30,6
4,24,2.64,0,NormalCursor,30,6
4,3,1.66,0,NormalCursor,30,6
4,6,1.42,0,NormalCursor,30,6
4,23,1.75,0,NormalCursor,30,6
4,23,0.96,0,RopeCursor,30,18
4,10,1.04,0,RopeCursor,30,18
4,21,1.01,0,RopeCursor,30,18
4,15,0.89,0,RopeCursor,30,18
4,3,0.85,0,RopeCursor,30,18
4,2,0.97,0,RopeCursor,30,18
4,6,0.76,0,RopeCursor,30,18
4,12,1.07,0,RopeCursor,30,18
4,5,1.51,0,RopeCursor,30,18
4,9,0.85,0,RopeCursor,30,18
4,50,0.97,0,RopeCursor,90,12
4,56,0.96,0,RopeCursor,90,12
4,26,1.06,0,RopeCursor,90,12
4,58,0.74,0,RopeCursor,90,12
4,63,0.78,0,RopeCursor,90,12
4,71,0.88,0,RopeCursor,90,12
4,31,1.07,0,RopeCursor,90,12
4,83,1.38,0,RopeCursor,90,12
4,6,0.87,0,RopeCursor,90,12
4,25,1.39,0,RopeCursor,90,12
4,7,0.63,0,BubbleCursor,30,6
4,18,1.11,0,BubbleCursor,30,6
4,1,1.3,0,BubbleCursor,30,6
4,17,1.24,0,BubbleCursor,30,6
4,20,1.83,0,BubbleCursor,30,6
4,13,1.41,0,BubbleCursor,30,6
4,24,0.86,0,BubbleCursor,30,6
4,3,1.57,0,BubbleCursor,30,6
4,6,0.82,0,BubbleCursor,30,6
4,23,1.44,0,BubbleCursor,30,6
4,11,2.04,0,BubbleCursor,90,6
4,62,1.94,0,BubbleCursor,90,6
4,31,1.84,0,BubbleCursor,90,6
4,75,2.83,0,BubbleCursor,90,6
4,55,1.21,0,BubbleCursor,90,6
4,27,1.52,0,BubbleCursor,90,6
4,83,2.12,0,BubbleCursor,90,6
4,8,1.56,0,BubbleCursor,90,6
4,10,2.05,0,BubbleCursor,90,6
4,12,1.14,0,BubbleCursor,90,6
4,11,1.09,0,BubbleCursor,60,18
4,17,1.08,0,BubbleCursor,60,18
4,53,0.96,0,BubbleCursor,60,18
4,32,1.21,0,BubbleCursor,60,18
4,49,1.06,0,BubbleCursor,60,18
4,41,1.04,0,BubbleCursor,60,18
4,16,1.08,0,BubbleCursor,60,18
4,28,1.38,0,BubbleCursor,60,18
4,43,0.96,0,BubbleCursor,60,18
4,59,0.99,0,BubbleCursor,60,18
4,24,0.7,0,BubbleCursor,60,6
4,33,0.97,0,BubbleCursor,60,6
4,28,0.82,0,BubbleCursor,60,6
4,4,1.07,0,BubbleCursor,60,6
4,20,1.05,0,BubbleCursor,60,6
4,17,2.0,0,BubbleCursor,60,6
4,15,1.01,0,BubbleCursor,60,6
4,26,2.45,0,BubbleCursor,60,6
4,49,2.16,0,BubbleCursor,60,6
4,53,1.79,0,BubbleCursor,60,6
4,11,1.03,0,RopeCursor,60,18
4,17,1.12,0,RopeCursor,60,18
4,53,1.2,0,RopeCursor,60,18
4,32,1.36,0,RopeCursor,60,18
4,49,1.31,0,RopeCursor,60,18
4,41,1.04,0,RopeCursor,60,18
4,16,1.32,0,RopeCursor,60,18
4,28,1.28,0,RopeCursor,60,18
4,43,1.01,0,RopeCursor,60,18
4,59,1.2,0,RopeCursor,60,18
4,23,1.22,0,NormalCursor,30,12
4,0,1.35,0,NormalCursor,30,12
4,28,1.0,0,NormalCursor,30,12
4,16,1.19,0,NormalCursor,30,12
4,3,1.36,0,NormalCursor,30,12
4,14,1.27,0,NormalCursor,30,12
4,4,1.69,0,NormalCursor,30,12
4,21,1.58,0,NormalCursor,30,12
4,24,1.13,0,NormalCursor,30,12
4,17,1.19,0,NormalCursor,30,12
4,24,1.33,0,NormalCursor,60,6
4,33,1.99,0,NormalCursor,60,6
4,28,1.87,0,NormalCursor,60,6
4,4,1.39,0,NormalCursor,60,6
4,20,1.36,0,NormalCursor,60,6
4,17,2.46,0,NormalCursor,60,6
4,15,2.09,0,NormalCursor,60,6
4,26,3.24,0,NormalCursor,60,6
4,49,1.12,0,NormalCursor,60,6
4,53,4.11,1,NormalCursor,60,6
4,10,1.41,0,RopeCursor,60,12
4,50,1.48,0,RopeCursor,60,12
4,49,1.67,0,RopeCursor,60,12
4,5,1.19,0,RopeCursor,60,12
4,3,1.32,0,RopeCursor,60,12
4,11,1.3,0,RopeCursor,60,12
4,24,0.76,0,RopeCursor,60,12
4,54,0.97,0,RopeCursor,60,12
4,26,0.94,0,RopeCursor,60,12
4,53,1.57,0,RopeCursor,60,12
4,23,1.06,0,RopeCursor,30,12
4,0,1.3,0,RopeCursor,30,12
4,28,1.04,0,RopeCursor,30,12
4,16,1.2,0,RopeCursor,30,12
4,3,1.27,0,RopeCursor,30,12
4,14,0.9,0,RopeCursor,30,12
4,4,0.91,0,RopeCursor,30,12
4,21,1.23,0,RopeCursor,30,12
4,24,0.98,0,RopeCursor,30,12
4,17,0.93,0,RopeCursor,30,12
4,50,1.35,0,BubbleCursor,90,12
4,56,0.86,0,BubbleCursor,90,12
4,26,0.98,0,BubbleCursor,90,12
4,58,0.97,0,BubbleCursor,90,12
4,63,1.09,0,BubbleCursor,90,12
4,71,1.42,0,BubbleCursor,90,12
4,31,1.47,0,BubbleCursor,90,12
4,83,1.46,0,BubbleCursor,90,12
4,6,1.11,0,BubbleCursor,90,12
4,25,1.6,0,BubbleCursor,90,12
4,58,1.08,0,NormalCursor,90,18
4,35,1.11,0,NormalCursor,90,18
4,43,1.09,0,NormalCursor,90,18
4,61,1.2,0,NormalCursor,90,18
4,62,1.26,0,NormalCursor,90,18
4,10,1.54,0,NormalCursor,90,18
4,67,1.21,0,NormalCursor,90,18
4,38,1.67,0,NormalCursor,90,18
4,42,1.58,0,NormalCursor,90,18
4,85,1.44,0,NormalCursor,90,18
4,23,0.85,0,BubbleCursor,30,12
4,0,1.25,0,BubbleCursor,30,12
4,28,1.13,0,BubbleCursor,30,12
4,16,1.06,0,BubbleCursor,30,12
4,3,1.33,0,BubbleCursor,30,12
4,14,1.09,0,BubbleCursor,30,12
4,4,1.09,0,BubbleCursor,30,12
4,21,1.18,0,BubbleCursor,30,12
4,24,1.14,0,BubbleCursor,30,12
4,17,1.19,0,BubbleCursor,30,12
4,11,1.49,0,RopeCursor,90,6
4,62,1.89,0,RopeCursor,90,6
4,31,1.29,0,RopeCursor,90,6
4,75,1.38,0,RopeCursor,90,6
4,55,1.36,0,RopeCursor,90,6
4,27,1.25,0,RopeCursor,90,6
4,83,2.02,0,RopeCursor,90,6
4,8,1.55,0,RopeCursor,90,6
4,10,1.8,0,RopeCursor,90,6
4,12,1.45,0,RopeCursor,90,6
4,23,1.43,0,BubbleCursor,30,18
4,10,1.27,0,BubbleCursor,30,18
4,21,1.24,0,BubbleCursor,30,18
4,15,0.98,0,BubbleCursor,30,18
4,3,1.37,0,BubbleCursor,30,18
4,2,0.79,0,BubbleCursor,30,18
4,6,0.99,0,BubbleCursor,30,18
4,12,1.12,0,BubbleCursor,30,18
4,5,1.67,0,BubbleCursor,30,18
4,9,1.11,0,BubbleCursor,30,18
4,24,1.27,0,RopeCursor,60,6
4,33,1.22,0,RopeCursor,60,6
4,28,1.31,0,RopeCursor,60,6
4,4,1.55,0,RopeCursor,60,6
4,20,1.49,0,RopeCursor,60,6
4,17,4.55,0,RopeCursor,60,6
4,15,1.23,0,RopeCursor,60,6
4,26,1.84,0,RopeCursor,60,6
4,49,1.11,0,RopeCursor,60,6
4,53,1.36,0,RopeCursor,60,6
4,10,1.12,0,NormalCursor,60,12
4,50,2.77,0,NormalCursor,60,12
4,49,2.42,0,NormalCursor,60,12
4,5,2.27,0,NormalCursor,60,12
4,3,1.81,0,NormalCursor,60,12
4,11,1.62,0,NormalCursor,60,12
4,24,2.31,0,NormalCursor,60,12
4,54,1.46,0,NormalCursor,60,12
4,26,1.28,0,NormalCursor,60,12
4,53,1.86,0,NormalCursor,60,12
5,7,1.53,0,RopeCursor,30,6
5,18,0.79,0,RopeCursor,30,6
5,1,1.17,0,RopeCursor,30,6
5,17,1.01,0,RopeCursor,30,6
5,20,1.33,0,RopeCursor,30,6
5,13,0.96,0,RopeCursor,30,6
5,24,0.87,0,RopeCursor,30,6
5,3,0.97,0,RopeCursor,30,6
5,6,0.71,0,RopeCursor,30,6
5,23,1.27,0,RopeCursor,30,6
5,58,1.18,0,RopeCursor,90,18
5,35,0.99,0,RopeCursor,90,18
5,43,0.99,0,RopeCursor,90,18
5,61,0.82,0,RopeCursor,90,18
5,62,1.36,0,RopeCursor,90,18
5,10,1.16,0,RopeCursor,90,18
5,67,1.4,0,RopeCursor,90,18
5,38,0.91,0,RopeCursor,90,18
5,42,1.11,0,RopeCursor,90,18
5,85,1.18,0,RopeCursor,90,18
5,11,1.3,0,BubbleCursor,90,6
5,62,1.68,0,BubbleCursor,90,6
5,31,1.13,0,BubbleCursor,90,6
5,75,1.42,0,BubbleCursor,90,6
5,55,0.89,0,BubbleCursor,90,6
5,27,2.32,0,BubbleCursor,90,6
5,83,1.11,0,BubbleCursor,90,6
5,8,1.0,0,BubbleCursor,90,6
5,10,1.12,0,BubbleCursor,90,6
5,12,1.5,0,BubbleCursor,90,6
5,7,2.71,0,BubbleCursor,30,6
5,18,0.94,0,BubbleCursor,30,6
5,1,1.37,0,BubbleCursor,30,6
5,17,1.02,0,BubbleCursor,30,6
5,20,1.64,0,BubbleCursor,30,6
5,13,1.37,0,BubbleCursor,30,6
5,24,0.81,0,BubbleCursor,30,6
5,3,2.17,0,BubbleCursor,30,6
5,6,0.83,0,BubbleCursor,30,6
5,23,1.96,0,BubbleCursor,30,6
5,7,2.59,0,NormalCursor,30,6
5,18,1.16,0,NormalCursor,30,6
5,1,1.57,0,NormalCursor,30,6
5,17,1.19,0,NormalCursor,30,6
5,20,1.51,0,NormalCursor,30,6
5,13,1.3,0,NormalCursor,30,6
5,24,1.02,0,NormalCursor,30,6
5,3,1.44,0,NormalCursor,30,6
5,6,3.27,1,NormalCursor,30,6
5,23,1.33,0,NormalCursor,30,6
5,24,1.51,0,BubbleCursor,60,6
5,33,0.93,0,BubbleCursor,60,6
5,28,0.82,0,BubbleCursor,60,6
5,4,1.94,0,BubbleCursor,60,6
5,20,1.03,0,BubbleCursor,60,6
5,17,1.83,0,BubbleCursor,60,6
5,15,1.63,0,BubbleCursor,60,6
5,26,1.72,0,BubbleCursor,60,6
5,49,1.26,0,BubbleCursor,60,6
5,53,1.71,0,BubbleCursor,60,6
5,23,1.28,0,NormalCursor,30,18
5,10,1.12,0,NormalCursor,30,18
5,21,1.46,0,NormalCursor,30,18
5,15,1.27,0,NormalCursor,30,18
5,3,0.94,0,NormalCursor,30,18
5,2,0.89,0,NormalCursor,30,18
5,6,0.84,0,NormalCursor,30,18
5,12,1.01,0,NormalCursor,30,18
5,5,1.35,0,NormalCursor,30,18
5,9,0.93,0,NormalCursor,30,18
5,24,0.92,0,RopeCursor,60,6
5,33,0.87,0,RopeCursor,60,6
5,28,0.99,0,RopeCursor,60,6
5,4,2.31,0,RopeCursor,60,6
5,20,1.28,0,RopeCursor,60,6
5,17,1.74,0,RopeCursor,60,6
5,15,1.15,0,RopeCursor,60,6
5,26,1.15,0,RopeCursor,60,6
5,49,1.01,0,RopeCursor,60,6
5,53,1.51,0,RopeCursor,60,6
5,23,0.81,0,RopeCursor,30,18
5,10,0.82,0,RopeCursor,30,18
5,21,0.97,0,RopeCursor,30,18
5,15,0.98,0,RopeCursor,30,18
5,3,0.85,0,RopeCursor,30,18
5,2,0.7,0,RopeCursor,30,18
5,6,0.83,0,RopeCursor,30,18
5,12,0.97,0,RopeCursor,30,18
5,5,1.28,0,RopeCursor,30,18
5,9,0.75,0,RopeCursor,30,18
5,11,1.01,0,RopeCursor,60,18
5,17,1.04,0,RopeCursor,60,18
5,53,1.25,0,RopeCursor,60,18
5,32,0.95,0,RopeCursor,60,18
5,49,1.04,0,RopeCursor,60,18
5,41,1.02,0,RopeCursor,60,18
5,16,0.95,0,RopeCursor,60,18
5,28,1.06,0,RopeCursor,60,18
5,43,0.76,0,RopeCursor,60,18
5,59,1.09,0,RopeCursor,60,18
5,11,0.74,0,BubbleCursor,60,18
5,17,0.97,0,BubbleCursor,60,18
5,53,1.05,0,BubbleCursor,60,18
5,32,1.01,0,BubbleCursor,60,18
5,49,1.23,0,BubbleCursor,60,18
5,41,0.95,0,BubbleCursor,60,18
5,16,1.05,0,BubbleCursor,60,18
5,28,0.98,0,BubbleCursor,60,18
5,43,0.84,0,BubbleCursor,60,18
5,59,0.85,0,BubbleCursor,60,18
5,11,1.81,0,NormalCursor,90,6
5,62,3.1,0,NormalCursor,90,6
5,31,2.21,0,NormalCursor,90,6
5,75,2.26,0,NormalCursor,90,6
5,55,1.69,0,NormalCursor,90,6
5,27,1.29,0,NormalCursor,90,6
5,83,1.77,0,NormalCursor,90,6
5,8,1.36,0,NormalCursor,90,6
5,10,1.52,0,NormalCursor,90,6
5,12,1.89,0,NormalCursor,90,6
5,50,0.99,0,RopeCursor,90,12
5,56,0.89,0,RopeCursor,90,12
5,26,0.8,0,RopeCursor,90,12
5,58,2.01,1,RopeCursor,90,12
5,63,0.83,0,RopeCursor,90,12
5,71,0.93,0,RopeCursor,90,12
5,31,1.19,0,RopeCursor,90,12
5,83,1.02,0,RopeCursor,90,12
5,6,0.93,0,RopeCursor,90,12
5,25,1.61,0,RopeCursor,90,12
5,58,0.92,0,BubbleCursor,90,18
5,35,1.03,0,BubbleCursor,90,18
5,43,0.91,0,BubbleCursor,90,18
5,61,0.9,0,BubbleCursor,90,18
5,62,1.06,0,BubbleCursor,90,18
5,10,0.96,0,BubbleCursor,90,18
5,67,1.05,0,BubbleCursor,90,18
5,38,0.81,0,BubbleCursor,90,18
5,42,1.0,0,BubbleCursor,90,18
5,85,0.99,0,BubbleCursor,90,18
5,50,1.62,0,NormalCursor,90,12
5,56,1.75,0,NormalCursor,90,12
5,26,1.18,0,NormalCursor,90,12
5,58,1.29,0,NormalCursor,90,12
5,63,1.35,0,NormalCursor,90,12
5,71,1.42,0,NormalCursor,90,12
5,31,1.61,0,NormalCursor,90,12
5,83,1.27,0,NormalCursor,90,12
5,6,1.18,0,NormalCursor,90,12
5,25,4.08,1,NormalCursor,90,12
5,23,1.06,0,BubbleCursor,30,12
5,0,1.14,0,BubbleCursor,30,12
5,28,1.17,0,BubbleCursor,30,12
5,16,1.06,0,BubbleCursor,30,12
5,3,1.95,0,BubbleCursor,30,12
5,14,1.09,0,BubbleCursor,30,12
5,4,1.34,0,BubbleCursor,30,12
5,21,1.25,0,BubbleCursor,30,12
5,24,1.08,0,BubbleCursor,30,12
5,17,1.26,0,BubbleCursor,30,12
5,23,0.94,0,RopeCursor,30,12
5,0,1.13,0,RopeCursor,30,12
5,28,1.1,0,RopeCursor,30,12
5,16,1.14,0,RopeCursor,30,12
5,3,1.56,0,RopeCursor,30,12
5,14,1.1,0,RopeCursor,30,12
5,4,1.35,0,RopeCursor,30,12
5,21,1.55,0,RopeCursor,30,12
5,24,1.59,0,RopeCursor,30,12
5,17,1.15,0,RopeCursor,30,12
5,23,1.24,0,NormalCursor,30,12
5,0,1.44,0,NormalCursor,30,12
5,28,3.7,1,NormalCursor,30,12
5,16,1.35,0,NormalCursor,30,12
5,3,1.8,0,NormalCursor,30,12
5,14,1.13,0,NormalCursor,30,12
5,4,1.1,0,NormalCursor,30,12
5,21,1.34,0,NormalCursor,30,12
5,24,1.32,0,NormalCursor,30,12
5,17,1.27,0,NormalCursor,30,12
5,11,1.34,0,NormalCursor,60,18
5,17,1.35,0,NormalCursor,60,18
5,53,1.02,0,NormalCursor,60,18
5,32,1.32,0,NormalCursor,60,18
5,49,1.38,0,NormalCursor,60,18
5,41,0.96,0,NormalCursor,60,18
5,16,1.29,0,NormalCursor,60,18
5,28,1.48,0,NormalCursor,60,18
5,43,1.27,0,NormalCursor,60,18
5,59,1.18,0,NormalCursor,60,18
5,10,0.97,0,NormalCursor,60,12
5,50,1.38,0,NormalCursor,60,12
5,49,1.31,0,NormalCursor,60,12
5,5,1.25,0,NormalCursor,60,12
5,3,1.19,0,NormalCursor,60,12
5,11,1.36,0,NormalCursor,60,12
5,24,1.09,0,NormalCursor,60,12
5,54,1.24,0,NormalCursor,60,12
5,26,1.14,0,NormalCursor,60,12
5,53,1.23,0,NormalCursor,60,12
5,23,0.86,0,BubbleCursor,30,18
5,10,0.81,0,BubbleCursor,30,18
5,21,1.22,0,BubbleCursor,30,18
5,15,0.8,0,BubbleCursor,30,18
5,3,0.95,0,BubbleCursor,30,18
5,2,0.9,0,BubbleCursor,30,18
5,6,0.84,0,BubbleCursor,30,18
5,12,0.98,0,BubbleCursor,30,18
5,5,1.23,0,BubbleCursor,30,18
5,9,0.86,0,BubbleCursor,30,18
5,11,1.44,0,RopeCursor,90,6
5,62,1.62,0,RopeCursor,90,6
5,31,1.37,0,RopeCursor,90,6
5,75,1.43,0,RopeCursor,90,6
5,55,1.26,0,RopeCursor,90,6
5,27,1.18,0,RopeCursor,90,6
5,83,1.14,0,RopeCursor,90,6
5,8,1.29,0,RopeCursor,90,6
5,10,0.98,0,RopeCursor,90,6
5,12,2.02,0,RopeCursor,90,6
5,10,1.1,0,RopeCursor,60,12
5,50,1.3,0,RopeCursor,60,12
5,49,1.02,0,RopeCursor,60,12
5,5,1.19,0,RopeCursor,60,12
5,3,0.83,0,RopeCursor,60,12
5,11,1.27,0,RopeCursor,60,12
5,24,1.33,0,RopeCursor,60,12
5,54,1.14,0,RopeCursor,60,12
5,26,2.42,1,RopeCursor,60,12
5,53,1.4,0,RopeCursor,60,12
5,50,0.8,0,BubbleCursor,90,12
5,56,0.88,0,BubbleCursor,90,12
5,26,0.98,0,BubbleCursor,90,12
5,58,1.0,0,BubbleCursor,90,12
5,63,1.08,0,BubbleCursor,90,12
5,71,0.86,0,BubbleCursor,90,12
5,31,1.43,0,BubbleCursor,90,12
5,83,1.12,0,BubbleCursor,90,12
5,6,0.97,0,BubbleCursor,90,12
5,25,1.17,0,BubbleCursor,90,12
5,24,2.15,0,NormalCursor,60,6
5,33,2.38,0,NormalCursor,60,6
5,28,1.49,0,NormalCursor,60,6
5,4,1.86,0,NormalCursor,60,6
5,20,2.5,0,NormalCursor,60,6
5,17,2.59,0,NormalCursor,60,6
5,15,2.6,0,NormalCursor,60,6
5,26,3.08,0,NormalCursor,60,6
5,49,1.28,0,NormalCursor,60,6
5,53,1.85,0,NormalCursor,60,6
5,58,1.72,0,NormalCursor,90,18
5,35,1.44,0,NormalCursor,90,18
5,43,1.35,0,NormalCursor,90,18
5,61,1.54,0,NormalCursor,90,18
5,62,1.53,0,NormalCursor,90,18
5,10,2.17,0,NormalCursor,90,18
5,67,1.85,0,NormalCursor,90,18
5,38,1.5,0,NormalCursor,90,18
5,42,1.61,0,NormalCursor,90,18
5,85,1.95,0,NormalCursor,90,18
5,10,1.77,0,BubbleCursor,60,12
5,50,1.63,0,BubbleCursor,60,12
5,49,1.67,0,BubbleCursor,60,12
5,5,1.53,0,BubbleCursor,60,12
5,3,1.09,0,BubbleCursor,60,12
5,11,1.52,0,BubbleCursor,60,12
5,24,0.98,0,BubbleCursor,60,12
5,54,1.25,0,BubbleCursor,60,12
5,26,1.14,0,BubbleCursor,60,12
5,53,1.44,0,BubbleCursor,60,12
0,23,4.87,0,RopeCursor,30,12
0,0,1.41,0,RopeCursor,30,12
0,28,1.15,0,RopeCursor,30,12
0,16,1.5,0,RopeCursor,30,12
0,23,1.08,0,RopeCursor,30,18
0,10,1.31,0,RopeCursor,30,18
0,21,1.45,0,RopeCursor,30,18
0,15,0.8,0,RopeCursor,30,18
